{
    "name": [
        "我国文献数量",
        "在全球文献中占比"
    ],
    "bar_min": 0,
    "bar_max": 600,
    "bar_interval": 100,
    "line_min": 0.01,
    "line_max": 0.05,
    "line_interval": 0.005,
    "time": [
        "2013",
        "2014",
        "2015",
        "2016",
        "2017",
        "2018",
        "2019",
        "2020",
        "2021",
        "2022"
    ],
    "bar_data": [
        "12",
        "46",
        "87",
        "131",
        "193",
        "264",
        "337",
        "434",
        "577",
        "599"
    ],
    "line_data": [
        0.046511628,
        0.020381037,
        0.018087318,
        0.017241379,
        0.019182984,
        0.020647583,
        0.021958689,
        0.023850085,
        0.027276165,
        0.02761896
    ]
}