{
    "name": [
        "我国文献数量",
        "在全球文献中占比"
    ],
    "bar_min": 100,
    "bar_max": 1500,
    "bar_interval": 100,
    "line_min": 0.03,
    "line_max": 0.09,
    "line_interval": 0.01,
    "time": [
        "2010",
        "2011",
        "2012",
        "2013",
        "2014",
        "2015",
        "2016",
        "2017",
        "2018",
        "2019",
        "2020",
        "2021",
        "2022"
    ],
    "bar_data": [
        "108",
        "137",
        "188",
        "232",
        "315",
        "427",
        "518",
        "621",
        "752",
        "906",
        "1120",
        "1366",
        "1403"
    ],
    "line_data": [
        0.031043403,
        0.033586663,
        0.040051129,
        0.042631386,
        0.050023821,
        0.0583174,
        0.061171469,
        0.063974451,
        0.06792521,
        0.07256708,
        0.07891214,
        0.083824251,
        0.084538443
    ]
}