{
    "name": [
        "我国文献数量",
        "在全球文献中占比"
    ],
    "bar_min": 0,
    "bar_max": 400,
    "bar_interval": 100,
    "line_min": 0.02,
    "line_max": 0.05,
    "line_interval": 0.005,
    "time": [
        "2013",
        "2014",
        "2015",
        "2016",
        "2017",
        "2018",
        "2019",
        "2020",
        "2021",
        "2022"
    ],
    "bar_data": [
        "19",
        "36",
        "58",
        "82",
        "112",
        "133",
        "185",
        "245",
        "293",
        "305"
    ],
    "line_data": [
        0.040339703,
        0.033333333,
        0.030671602,
        0.030688623,
        0.032100889,
        0.029437804,
        0.032883043,
        0.03467799,
        0.03460085,
        0.035366419
    ]
}