{
    "name": [
        "我国文献数量",
        "在全球文献中占比"
    ],
    "bar_min": 0,
    "bar_max": 60,
    "bar_interval": 10,
    "line_min": 0.02,
    "line_max": 0.05,
    "line_interval": 0.005,
    "time": [
        "2013",
        "2014",
        "2015",
        "2016",
        "2017",
        "2018",
        "2019",
        "2020",
        "2021",
        "2022"
    ],
    "bar_data": [
        "2",
        "5",
        "11",
        "13",
        "24",
        "33",
        "47",
        "53",
        "59",
        "59"
    ],
    "line_data": [
        0.023529412,
        0.027777778,
        0.033536585,
        0.023636364,
        0.032214765,
        0.035560345,
        0.043158861,
        0.041341654,
        0.041029207,
        0.040521978
    ]
}